﻿Name;Calories;Fat;Cholesterol;Sodium;Carbohydrate;Fiber;Sugars;Protein
Chonga Bagel;300;4,42;0,01;0,47;44,25;2,65;4,42;10,62
8-Grain Roll;340;3,94;0;0,34;53,54;3,15;11,81;7,09
Almond Croissant;420;22,22;0,08;0,39;45,45;3,03;13,13;10,1
Banana Nut Bread;420;17,6;0,05;0,26;41,6;1,6;24;4,8
Birthday Cake Pop;170;20,93;0,02;0,26;53,49;0;41,86;2,33
Blueberry Muffin;360;13,64;0,05;0,25;47,27;0,91;30;4,55
Blueberry Oat Cake;390;9,38;0;0,34;55,47;5,47;25,78;5,47
Blueberry Scone;380;17;0,07;0,35;54;2;22;6
Butter Croissant;260;24,19;0,06;0,52;43,55;1,61;8,06;8,06
Cheese Danish;290;17,5;0,06;0,5;41,25;1,25;13,75;8,75
Chocolate Cake Pop;160;18,6;0,03;0,19;53,49;2,33;41,86;4,65
Chocolate Chip Cookie;360;22,5;0,08;0,28;58,75;2,5;38,75;7,5
Chocolate Chip Cookie Dough Cake Pop;180;23,68;0,03;0,21;60,53;0;31,58;5,26
Chocolate Croissant;340;25;0,06;0,35;47,5;2,5;16,25;6,25
Cinnamon Raisin Bagel;270;1,01;0;0,37;58,59;3,03;11,11;9,09
Classic Coffee Cake;330;13,76;0,06;0,25;39,45;0,92;19,27;3,67
Confetti Sugar Cookie;410;22,83;0,07;0,24;58,7;0;39,13;4,35
Double Chocolate Chunk Brownie;480;0,95;0;0,01;1,87;0,1;1,25;0,2
Everybody's Favorite - Bantam Bagel (2 Pack);200;10,81;0,03;0,38;37,84;0;2,7;8,11
Everything Bagel;290;4;0,01;0,45;53;3;5;11
French Toast - Bantam Bagels (2 Pack);200;10,81;0,03;0,49;40,54;0;5,41;8,11
Frosted Doughnut Cake Pop;390;28,05;0,04;0,17;54,88;1,22;28,05;4,88
Gluten-Free Marshmallow Dream Bar;230;8,33;0,03;0,37;73,33;0;40;1,67
Iced Lemon Loaf Cake;470;15,87;0,08;0,25;53,97;0,79;33,33;4,76
Morning Bun;420;23,4;0,17;0,47;48,94;1,06;14,89;9,57
Old-Fashioned Glazed Doughnut;480;23,89;0,02;0,36;49,56;0,88;26,55;4,42
Petite Vanilla Bean Scone;120;13,64;0,05;0,29;54,55;0;24,24;6,06
Plain Bagel;280;1,39;0;0,57;51,85;1,85;1,85;8,33
Pumpkin Bread;410;12,2;0,04;0,41;51,22;1,63;31,71;4,88
Sprouted Grain Vegan Bagel;330;5,31;0;0,43;50,44;6,19;3,54;10,62
Strawberry Cake Pop;160;19,51;0,02;0,2;53,66;0;39,02;9,76
The Classic - Bantam Bagels (2 Pack);200;10,81;0,03;0,36;37,84;0;2,7;8,11
Cage-Free Eggs & Seasoned Grains Side Salad;360;11,04;0,23;0,28;20,25;1,84;2,45;10,43
Cauliflower Tabbouleh Side Salad;130;7,36;0;0,32;4,29;1,84;1,84;1,23
Chicken & Fig Spread;460;7,22;0,03;0,52;33,89;2,78;8,33;13,33
Chipotle Chicken Wrap;470;7,63;0,02;0,42;22,09;1,61;2,41;8,84
Farmers' Market Protein Box;470;9,8;0,02;0,3;9,8;1,35;4,05;7,09
Garden Greens & Shaved Parmesan Side Salad;170;8,84;0,01;0,41;6,12;1,36;2,72;4,76
Grilled Chicken & Cauliflower Tabbouleh;390;8,85;0,02;0,37;4,92;1,31;2,3;6,89
Honey BBQ Sriracha Chicken;370;4,82;0,03;0,66;32,53;1,2;5,42;13,25
Roasted Carrot & Kale Side Salad;440;14,61;0;0,22;24,72;3,93;3,37;5,62
Roasted Turkey & Dill Havarti;580;15,66;0,03;0,43;23,23;2,53;2,02;16,16
Seasoned Turkey & Green Pepper Pico;390;5,63;0,04;0,28;9,38;1,56;2,5;8,76
Smoked Mozzarella & Roasted Peppers;540;15,22;0,03;0,65;28,8;2,17;4,35;10,33
Smoked Pork Cubano;450;16,23;0,04;0,78;42,86;3,25;1,95;13,64
Strawberry & Toasted Almonds Overnight Grains;410;12,12;0;0,02;21,21;2,53;8,08;3,54
Turkey Pastrami Reuben;500;10,99;0,03;0,59;26,18;2,09;1,57;13,61
Za'atar Chicken & Lemon Tahini;430;5,93;0,01;0,25;11,86;1,13;4,52;5,93
Chicken BLT Protein Box;580;6,25;0,02;0,45;15,76;1,9;5,43;9,51
Chicken Wrap Protein Box;690;7,11;0,01;0,23;17,66;1,38;0;6,88
Creminelli Sopressata Monterey Jack Snack Tray;220;27,42;0,1;1,16;0;0;0;24,19
Eggs & Cheese Protein Box;470;0,35;0,01;0,01;0,56;0,07;0,3;0,32
Lentils & Vegetable Protein Bowl with Brown Rice;650;7,06;0;0,16;19,46;5,11;2,43;5,6
PB&J Protein Box;520;0,44;0;0,01;0,91;0,07;0,5;0,34
Smoked Turkey Protein Box;570;5,97;0,02;0,42;14,03;1,82;5,19;9,09
Bacon, Gouda & Egg Breakfast Sandwich;370;15,52;0,15;0,67;28,45;0,86;1,72;15,52
Chicken Sausage & Bacon Biscuit;450;16,67;0,06;0,88;26,52;0,76;6,06;19,7
Classic Oatmeal;160;5,95;0;0,3;66,67;9,52;0;11,9
Double-Smoked Bacon, Cheddar & Egg Sandwich;520;19,59;0,14;0,71;28,38;0,68;5,41;16,22
Ham & Cheese Croissant;320;16,67;0,06;0,48;27,45;0,98;4,9;13,73
Hearty Blueberry Oatmeal;220;2,78;0;0,14;47,78;5,56;14,44;5,56
Reduced-Fat Turkey Bacon & Cage Free Egg White Breakfast Sandwich;230;4,17;0,02;0,46;23,33;2,5;1,67;15
Roasted Ham, Swiss & Egg Breakfast Sandwich;460;14,2;0,15;0,57;26,54;0;4,32;12,96
Sausage, Cheddar & Egg Breakfast Sandwich;480;18,47;0,11;0,56;21,66;0,64;1,27;11,46
Smoked Shoulder Bacon Breakfast Sandwich;550;16,06;0,14;0,61;20,21;1,04;2,07;13,47
Sous Vide Egg Bites: Bacon & Gruyere;300;15,38;0,17;0,52;6,92;0;1,54;14,62
Sous Vide Egg Bites: Chicken Chorizo Tortilla;230;10;0,16;0,53;10;0;1,54;11,54
Sous Vide Egg Bites: Egg White & Red Pepper;170;5,38;0,02;0,38;10;0,77;1,54;10
Sous Vide Egg Bites: Ham, Cheddar & Peppers;250;12,31;0,13;0,35;8,46;0;0,77;13,08
Spicy Chorizo, Monterey Jack & Egg Breakfast Sandwich;470;14,29;0,1;0,57;21,43;0;2,98;14,29
Spinach, Feta & Cage Free Egg White Breakfast Wrap;280;5,03;0,01;0,52;21,38;2,52;3,14;12,58
Baja Black Bean Veggie Wrap;200;0;0,01;0,45;25,35;2,43;1,74;7,29
Chicken & Double-Smoked Bacon;230;0;0,05;0,73;32,34;1,49;5,47;15,42
Chicken Caprese;160;0;0,03;0,43;27,88;1,44;1,44;13,46
Crispy Grilled Cheese Sandwich;260;0,35;0,05;0,74;32,87;2,8;0,7;14,69
Ham & Swiss Panini;220;0;0,05;0,71;23,86;0;1,14;14,2
Tomato & Mozzarella;120;0;0,01;0,4;28,97;2,07;1,38;10,34
Turkey Pesto Panini;190;0;0,03;0,59;27,36;1,49;1,49;16,42
Avocado Spread;70;0;0;0,37;8,77;7,02;0;1,75
Berry Trio Parfait;20;0;0;0,08;23,78;1,83;15,85;8,54
Fresh Blueberries and Honey Greek Yogurt Parfait;25;0;0;0,06;23,73;1,13;16,38;7,91
Justin's Chocolate Hazelnut Butter;130;0;0;0,2;37,5;9,38;21,88;12,5
Justin's Classic Almond Butter;160;0;0;0;18,75;9,38;3,13;21,88
Lemon Crunch Yogurt Parfait;110;0;0,04;0,06;25,93;0,62;17,9;8,64
Mango & Coconut Yogurt Bowl;50;0;0;0,03;16,27;1,44;12,44;7,66
Vegan Superberry Acai;110;0;0,03;0,07;25,58;3,72;121,86;2,79
